<?xml version="1.0" encoding="UTF-8"?>
<folder exportedWithPermissions="false">
    <parent>/public/Support_Samples</parent>
    <name>Data_Sources</name>
    <label>Data Sources</label>
    <description></description>
    <creationDate>2017-03-31T11:02:57.618-07:00</creationDate>
    <updateDate>2017-03-14T16:54:15.383-07:00</updateDate>
    <resource>DataAdapterCSV</resource>
    <resource>DataAdapterJSON</resource>
    <resource>DataAdapterXLS</resource>
    <resource>DataAdapterXML</resource>
    <resource>Foodmart_JNDI</resource>
    <resource>JRS_repository_JNDI</resource>
    <resource>SugarCRM_JNDI</resource>
</folder>
